
				{"pages": [
				
					 
								{ 
									"line" : "no line info|no line info", 
									"text" : " ", 
									"tags" : "1|1", 
									"loc" : "no_page_info|no_page_info",
									"inFront": "false" 
								}, 
							
										{ 
											"line" : "no line info|no line info",
											"text" : "Des nouvelles dalbion ",
											"tags" : "1|1",
											"loc" : "folio_73r|Tower of London",
											"inFront": "false"
										},
									
										{ 
											"line" : "no line info|no line info",
											"text" : "Sil vous en plaist escouter ",
											"tags" : "1|1",
											"loc" : "folio_73r|Tower of London",
											"inFront": "false"
										},
									
										{ 
											"line" : "no line info|no line info",
											"text" : "Mon frere et mon cōpaignō ",
											"tags" : "1|1",
											"loc" : "folio_73r|Tower of London",
											"inFront": "false"
										},
									
										{ 
											"line" : "no line info|no line info",
											"text" : "Saichez qua mon retourner ",
											"tags" : "1|1",
											"loc" : "folio_73r|Tower of London",
											"inFront": "false"
										},
									
										{ 
											"line" : "no line info|no line info",
											"text" : "Iay este deca la mer ",
											"tags" : "1|1",
											"loc" : "folio_73r|Tower of London",
											"inFront": "false"
										},
									
										{ 
											"line" : "no line info|no line info",
											"text" : "Receu a joyeuse chiere ",
											"tags" : "1|1",
											"loc" : "folio_73r|Tower of London",
											"inFront": "false"
										},
									
										{ 
											"line" : "no line info|no line info",
											"text" : "News from Albion ",
											"tags" : "1|1",
											"loc" : "folio_73r|Tower of London",
											"inFront": "false"
										},
									
										{ 
											"line" : "no line info|no line info",
											"text" : "Listen if you please ",
											"tags" : "1|1",
											"loc" : "folio_73r|Tower of London",
											"inFront": "false"
										},
									
										{ 
											"line" : "no line info|no line info",
											"text" : "My brother and my companion ",
											"tags" : "1|1",
											"loc" : "folio_73r|Tower of London",
											"inFront": "false"
										},
									
										{ 
											"line" : "no line info|no line info",
											"text" : "Know that when I return ",
											"tags" : "1|1",
											"loc" : "folio_73r|Tower of London",
											"inFront": "false"
										},
									
										{ 
											"line" : "no line info|no line info",
											"text" : "I've been there, from the sea, ",
											"tags" : "1|1",
											"loc" : "folio_73r|Tower of London",
											"inFront": "false"
										},
									
										{ 
											"line" : "no line info|no line info",
											"text" : "Received so cheerfully ",
											"tags" : "1|1",
											"loc" : "folio_73r|Tower of London",
											"inFront": "false"
										},
									 { "line" : "", "text" : "", "tags" : "", "loc" : "" }]}
			